,JOB TITLE,DATE
23,Machine Learning Engineer,2019-02-14
21,Sr SDET,2019-02-14
20,OSS DevOps Engineer,2019-02-14
19,Site Reliability Engineer,2019-02-14
18,Lead DevOps Engineer ,2019-02-14
17,Senior DevOps Engineer,2019-02-14
16,Junior Cloud Native Developer,2019-02-14
22,Engineering Lead,2019-02-14
15,Blockchain Developer,2019-03-14
14,Sr SAP PI/PO Developer,2019-03-14
13,Sr Full Stack Developer,2019-03-14
12,Associate Cloud Engineer,2019-03-14
11,Android Mobile Developer,2019-03-14
9,Sr. Microservices Developer,2019-03-14
10,SOA Consultant,2019-03-14
8,Solution Architect,2019-03-26
7,Associate QA Engineer,2019-03-26
6,System Engineer,2019-03-27
5,Networking &amp; Security Specialist,2019-03-27
4,Embedded Engineer,2019-04-01
3,Data Scientist Intern,2019-04-02
2,Cloud Native Developer,2019-04-04
1,Senior Cloud Specialist,2019-04-05
0,Big Data Intern,2019-04-09
